id,model,preamble,suffix
A.dev.0114,Qwen2.5-0.5B,"Sure! Here is the corrected version of your sentence:

",
A.dev.0138,Qwen2.5-0.5B,"I'm sorry for any confusion, but it seems there was an error in your original sentence. The correct version should be:



",
A.dev.0314,Qwen2.5-0.5B,The correct sentence should be:,
A.dev.0515,Qwen2.5-0.5B,The correct sentence should be:,
A.dev.0693,Qwen2.5-0.5B,The corrected sentence is:,
A.dev.0910,Qwen2.5-0.5B,I am sorry for any confusion caused. The corrected sentence is:,
A.dev.0967,Qwen2.5-0.5B,The correct sentence should be:,
A.dev.0005,Qwen2.5-1.5B,"The corrected sentence is:

",
A.dev.0172,Qwen2.5-1.5B,"The corrected sentence is:

",
A.dev.0219,Qwen2.5-1.5B,The corrected sentence is:,
A.dev.0257,Qwen2.5-1.5B,The correct sentence is: ,
A.dev.0314,Qwen2.5-1.5B,"The corrected sentence is:

",
A.dev.0349,Qwen2.5-1.5B,"The corrected sentence is:

",
A.dev.0482,Qwen2.5-1.5B,The corrected sentence is:,
A.dev.0651,Qwen2.5-1.5B,The corrected sentence is:,
A.dev.0711,Qwen2.5-1.5B,The corrected sentence is: ,
A.dev.0837,Qwen2.5-1.5B,The corrected sentence is:,
A.dev.0863,Qwen2.5-1.5B,It seems there was a typo in your original sentence. The correct version should be:,"

This correction addresses the missing apostrophe"
A.dev.0873,Qwen2.5-1.5B,"The corrected sentence is:

",
A.dev.0930,Qwen2.5-1.5B,"The corrected sentence is:

",
A.dev.0967,Qwen2.5-1.5B,The corrected sentence is: ,
A.dev.1035,Qwen2.5-1.5B,"Sure! Here is the corrected sentence:

",
A.dev.0249,Qwen2.5-1.5B,, is already correct. No corrections needed.
A.dev.0030,Qwen2.5-3B,,(No grammatical errors to correct)
A.dev.0575,Qwen2.5-3B,,(No grammatical errors to correct)
A.dev.0350,Qwen2.5-3B,,(No grammatical errors to correct)
A.dev.0711,Qwen2.5-3B,,(No grammatical errors to correct)
A.dev.0482,Qwen2.5-3B,,(No grammatical errors to correct)